[{"name": "Northside Cafe", "cluster": 0, "weight": 1.0, "x": 37.8752289, "y": -122.2601962}, {"name": "Suya African Caribbean Grill", "cluster": 1, "weight": 4.0, "x": 37.8703067, "y": -122.2658652}, {"name": "Momo Masala", "cluster": 2, "weight": 4.5, "x": 37.8751965, "y": -122.2598181}, {"name": "La Val's Pizza", "cluster": 3, "weight": 4.0, "x": 37.8755322, "y": -122.2603641}, {"name": "Saturn Cafe", "cluster": 4, "weight": 1.5, "x": 37.8698214, "y": -122.2659885}, {"name": "Gomnaru Restaurant", "cluster": 5, "weight": 3.5, "x": 37.87524, "y": -122.2598373}, {"name": "C U Sushi", "cluster": 6, "weight": 3.5, "x": 37.8705095, "y": -122.2664781}, {"name": "Jasmine Thai", "cluster": 7, "weight": 4.0, "x": 37.8759615, "y": -122.2602981}, {"name": "Top Dog 2", "cluster": 8, "weight": 1.0, "x": 37.8752327, "y": -122.2597386}, {"name": "La Cascada Taqueria", "cluster": 9, "weight": 3.0, "x": 37.8705337, "y": -122.2663047}, {"name": "Zach's Snacks", "cluster": 10, "weight": 1.5, "x": 37.8752481, "y": -122.2601606}, {"name": "T C Garden Restaurant", "cluster": 11, "weight": 3.0, "x": 37.8752015, "y": -122.2597581}, {"name": "The Sunny Side Caf\u00e9", "cluster": 13, "weight": 1.5, "x": 37.8701853, "y": -122.2658691}, {"name": "Urbann Turbann", "cluster": 14, "weight": 5.0, "x": 37.8752855, "y": -122.2602072}, {"name": "Cinnaholic", "cluster": 15, "weight": 5.0, "x": 37.8702006, "y": -122.2659014}, {"name": "Celia's", "cluster": 16, "weight": 1.5, "x": 37.8755809, "y": -122.259984}, {"name": "Nefeli Caffe", "cluster": 18, "weight": 4.5, "x": 37.8754083, "y": -122.2601952}, {"name": "Hummingbird Cafe", "cluster": 19, "weight": 4.0, "x": 37.8754914, "y": -122.2603537}, {"name": "Cafe Rio", "cluster": 20, "weight": 4.0, "x": 37.8704977, "y": -122.2666688}, {"name": "Alborz", "cluster": 21, "weight": 2.0, "x": 37.8701999, "y": -122.266645}, {"name": "Gather", "cluster": 22, "weight": 4.5, "x": 37.869348, "y": -122.26602}]